{
  "normal_mse_vs_original": 0.0005977100227028131,
  "normal_psnr_vs_original": 32.23509461636571,
  "normal_ssim_vs_original": 0.9919415774538071,
  "shuffled_mse_vs_original": 0.0006248252466320992,
  "shuffled_psnr_vs_original": 32.042414307128794,
  "shuffled_ssim_vs_original": 0.9915916873746451,
  "shuffled_mse_vs_normal": 2.2958744011702947e-05,
  "normal_shape": [
    256,
    256
  ],
  "shuffled_shape": [
    256,
    256
  ]
}