model,n,mean_mse,std_mse,mean_psnr,std_psnr,mean_ssim,std_ssim
local-only,60,0.002605254858116815,0.0014249430002381699,26.48865281530084,2.477137155666748,0.9442894525966701,0.01775534245606589
raw-linear,60,0.002605254858116815,0.0014249430002381699,26.48865281530084,2.477137155666748,0.9442894525966701,0.01775534245606589
no-entanglement,60,0.002635137743288822,0.0014425271514719319,26.430432419735514,2.4557283895416284,0.9437817638636318,0.017332058591266002
HVK2D-pair-observable,60,0.003046550152858957,0.0015924964013334733,25.729921549694982,2.289959722043599,0.9334943527023928,0.021341243118249056
quadratic-classical,60,0.0031621713374114287,0.0017110848404344623,25.626977447855953,2.4331910091311983,0.9312554531289251,0.02262739482745876
parameter-matched,60,0.00649525572620574,0.00432214165733319,22.504245792737677,2.166145754987983,0.8485997779773863,0.10460070315179477
