model,n,mean_accuracy,std_accuracy,mean_macro_f1,std_macro_f1
raw-linear,3,0.8166666666666668,0.062360956446232366,0.8161211108579529,0.06213527898390977
quadratic-classical,3,0.8000000000000002,0.04082482904638629,0.7996658312447785,0.04092782902710147
local-only,3,0.7999999999999999,0.07071067811865477,0.799245588719273,0.07052987817713469
HVK2D-pair-observable,3,0.7833333333333333,0.04714045207910316,0.7827903091060987,0.04725859857554202
no-entanglement,3,0.7833333333333333,0.04714045207910316,0.7827903091060987,0.04725859857554202
parameter-matched,3,0.7666666666666666,0.023570226039551608,0.7638662519534778,0.024212591493987308
