model,n_seeds,mean_mse,std_mse,mean_psnr,std_psnr,mean_r2,std_r2,notes
newHVK-entangling-observables,5,0.044718927640802326,0.004608226276703683,13.518453399117202,0.4519667024368076,-0.2778034469215312,0.10040985081803899,Held-out distribution proxy with pair observables.
raw-linear-classical,5,0.2360102233817901,0.014947567227062315,6.279382980474823,0.2746716819927546,-5.795349702467477,0.808201661806434,Held-out distribution proxy for linear classical readout.
parameter-matched-classical,5,0.23754745138981762,0.010973054895306148,6.247274768552404,0.20530736889476253,-5.807045083329351,0.40188541843218273,Held-out distribution proxy for small classical control.
no-entanglement,5,0.5774437560761099,0.0711150892454293,2.416819954693822,0.5223513366782752,-15.623887825779548,2.593378213221156,Held-out distribution proxy without pair observables.
