model,n_seeds,mean_mse,std_mse,mean_psnr,std_psnr,mean_r2,std_r2,notes
newHVK-entangling-observables,5,0.0008596866293334726,0.0005897923296309452,32.77352859577165,5.515565866435082,0.9735224984535916,0.01761666005850944,Pairwise observable channel contains explicit two-site correlations.
freeze-quantum,5,0.004790383938671043,0.0034995102336199428,27.33732419879568,8.655148538200017,0.8533014863806629,0.10622831058879477,Frozen pair-correlator basis with random channel scaling and masking.
no-entanglement,5,0.03146143603886172,0.0017023266125394665,15.028596981370992,0.23567724167513399,0.01905604753818855,0.04012516631401211,Only single-site nonlinear channels are available.
raw-linear-classical,5,0.031654284275944404,0.001945704619451166,15.003782091606103,0.2646213724114615,0.013250720161535234,0.04476807324474905,Linear readout from raw coordinates.
parameter-matched-classical,5,0.033033391189931136,0.0016208458379350578,14.815585773997487,0.2097176377205624,-0.029686992970204586,0.024815477381403692,Small rank-limited tanh control with restricted nonlinear budget.
random-vqc,5,0.03761625332934482,0.0017262876329036153,14.250791242917606,0.19843536107967807,-0.17317290633810326,0.043790238074310046,Random latent vectors with no stable input-observable alignment.
freeze-classical,5,0.060972794265486116,0.006172957976976758,12.171557784554002,0.44936959779966507,-0.9025024259597213,0.1949148344575886,Quantum-like features are present but the classical readout is frozen.
