noise_sigma,mean_mse,std_mse,mean_psnr,std_psnr,mean_r2
0.0,0.0008596866293334726,0.0005897923296309452,32.77352859577165,5.515565866435082,0.9735224984535916
0.01,0.0008902304613752356,0.0005903004911284656,32.27520869954346,4.847160508756934,0.9725696126490669
0.02,0.0009781102745122336,0.0005895239698386487,31.297840663724532,3.72941531155012,0.9698275803450862
0.05,0.0015746094226559502,0.0005817751713962054,28.363465035778454,1.7781176939188563,0.9512143646323462
0.1,0.0035309085606866865,0.0005754700667952833,24.581389880338044,0.7328587878859065,0.8901767999635533
0.2,0.009373254258901249,0.0006693691904375155,20.292355013172756,0.3141121876508012,0.7079469679403139
0.35,0.017720344803657022,0.0008746791589707834,17.520613371949665,0.21573159762855343,0.44759076257299507
