model,n,mean_equivariance_error,std_equivariance_error
D4-pooled-HVK2D,7000,9.573879468686641e-17,1.2594232983952715e-17
no-positional,7000,0.7400693211869104,0.15198944262994848
HVK2D-positional,7000,0.8152661515657417,0.12887450585275365
local-raw,7000,0.8366394034685322,0.13135806410156628
