model,n,mean_accuracy,std_accuracy,mean_auc,std_auc,mean_f1,std_f1,mean_recall,std_recall,mean_specificity,std_specificity,mean_brier,std_brier
raw-linear,5,0.9802325581395348,0.011392975547828716,0.9956886574074074,0.0024762838999230034,0.984386986309417,0.008864841262807772,0.9907407407407407,0.014344382763731196,0.9625,0.03061862178478973,0.01956117782057594,0.005707647863719702
HVK2D-pair-observable,5,0.9430232558139535,0.016195800322307143,0.9881365740740741,0.004157010415756463,0.9550781195942486,0.01244833634231702,0.962962962962963,0.010143010324169748,0.909375,0.03479852726768764,0.03749422524333028,0.007987849951398979
quadratic-classical,5,0.95,0.01585835081044867,0.986574074074074,0.005403524784516046,0.9607242700130746,0.011981720950332292,0.9703703703703704,0.0037037037037037203,0.915625,0.041457809879442496,0.03812851840791926,0.007704687929328972
no-entanglement,5,0.9465116279069768,0.017403057612902083,0.9861400462962964,0.00693382675960656,0.9580751050825868,0.013116369430697942,0.9703703703703704,0.00907218423253033,0.90625,0.04192627457812106,0.039907839772128015,0.013470077658249157
strict-classical-rff,5,0.9465116279069768,0.0192476108805196,0.984201388888889,0.010024026857171678,0.9575122375845669,0.01494270092384743,0.9574074074074075,0.01255987033912088,0.928125,0.041457809879442496,0.04207201387231417,0.016361066568854644
