epoch,loss,unary,pairwise,dice,iou,pixel_accuracy,precision,recall
0,0.23497645556926727,0.1908467411994934,0.17651885747909546,0.9536741213981337,0.911450381665474,0.9433593749907876,0.911450381665474,0.9999999999832496
40,0.18213994801044464,0.15981006622314453,0.08931954205036163,0.9999999999916249,0.9999999999832496,0.9999999999902345,0.9999999999832496,0.9999999999832496
80,0.1545742154121399,0.1435321420431137,0.04416828975081444,0.9999999999916249,0.9999999999832496,0.9999999999902345,0.9999999999832496,0.9999999999832496
120,0.13776801526546478,0.13139085471630096,0.025508645921945572,0.9983221476426316,0.9966499162312119,0.9980468749902536,0.9999999999831932,0.9966499162312119
160,0.12615767121315002,0.12196692079305649,0.016763020306825638,0.9983221476426316,0.9966499162312119,0.9980468749902536,0.9999999999831932,0.9966499162312119
200,0.11739595234394073,0.11439725756645203,0.011994767002761364,0.9983221476426316,0.9966499162312119,0.9980468749902536,0.9999999999831932,0.9966499162312119
