epoch,loss,unary,pairwise,dice,iou,pixel_accuracy,precision,recall
0,0.2873165011405945,0.2426995486021042,0.1784677803516388,0.9710867397709761,0.9437984495941124,0.971679687490511,0.9437984495941124,0.9999999999794661
40,0.2357260286808014,0.21327099204063416,0.08982016891241074,0.9948400412694031,0.9897330595279316,0.9951171874902821,0.999999999979253,0.9897330595279316
80,0.20468540489673615,0.19342656433582306,0.04503537714481354,0.9948400412694031,0.9897330595279316,0.9951171874902821,0.999999999979253,0.9897330595279316
120,0.1844644397497177,0.17791877686977386,0.026182647794485092,0.9948400412694031,0.9897330595279316,0.9951171874902821,0.999999999979253,0.9897330595279316
160,0.16978216171264648,0.16546088457107544,0.017285127192735672,0.9948400412694031,0.9897330595279316,0.9951171874902821,0.999999999979253,0.9897330595279316
200,0.1582849621772766,0.15518151223659515,0.01241379790008068,0.9948400412694031,0.9897330595279316,0.9951171874902821,0.999999999979253,0.9897330595279316
