model,image,image_size,patch_size,patch_stride,epochs,mse,psnr,ssim
HVK1D,0000_cat_domestic_cat_s_000907.png,32,8,4,200,0.0003860945871565491,34.13306286913947,0.9910746117105512
HVK1D,0001_ship_hydrofoil_s_000078.png,32,8,4,200,0.0012777906376868486,28.935402982478884,0.9931601173697415
HVK1D,0002_ship_sea_boat_s_001456.png,32,8,4,200,0.0007166789146140218,31.446753727056873,0.9943915601423476
HVK1D,0003_airplane_jetliner_s_001705.png,32,8,4,200,0.0005075707449577749,32.94503417447209,0.994481949413859
HVK1D,0004_frog_green_frog_s_001658.png,32,8,4,200,0.0003438073326833546,34.636848649672956,0.9925698939064512
