{
  "qubit_sweep": [
    {
      "topology": "HVK1D",
      "seed": 1,
      "qubit_count": 4,
      "bond_dim": 4,
      "n_layers": null,
      "steps": 90,
      "wall_time_s": 1058.8115320999932,
      "psnr": 30.6143782787626,
      "ssim": 0.9793756916930086,
      "mse": 0.0008680848404765129,
      "grad_norm_mean": 0.0013526070324587636,
      "grad_norm_var": 9.119222272173684e-08
    },
    {
      "topology": "HVK1D",
      "seed": 0,
      "qubit_count": 4,
      "bond_dim": 4,
      "n_layers": null,
      "steps": 90,
      "wall_time_s": 1060.7159833000042,
      "psnr": 30.792266799163595,
      "ssim": 0.9803044064691662,
      "mse": 0.0008332461584359407,
      "grad_norm_mean": 0.0013650741457240656,
      "grad_norm_var": 3.005091506627703e-07
    }
  ],
  "bond_dim_sweep": [],
  "depth_sweep": []
}