epoch,loss,unary,pairwise,dice,iou,pixel_accuracy,precision,recall
0,0.24282148480415344,0.1989876627922058,0.17533530294895172,0.9906407487329688,0.9814550641800077,0.9873046874903585,0.9814550641800077,0.9999999999854651
40,0.18832388520240784,0.16740988194942474,0.08365603536367416,0.9821556031336035,0.9649368863819784,0.9755859374904728,0.9649368863819784,0.9999999999854651
80,0.1562637984752655,0.1458592563867569,0.04161814600229263,0.9835596854826051,0.967651195485687,0.9775390624904539,0.967651195485687,0.9999999999854651
120,0.13548266887664795,0.1294833868741989,0.023997103795409203,0.9856733524284694,0.9717514124156532,0.9804687499904252,0.9717514124156532,0.9999999999854651
160,0.12065786868333817,0.11672374606132507,0.015736499801278114,0.987087517926922,0.9745042492779815,0.9824218749904061,0.9745042492779815,0.9999999999854651
200,0.10933735966682434,0.10652865469455719,0.011234830133616924,0.9906407487329688,0.9814550641800077,0.9873046874903585,0.9814550641800077,0.9999999999854651
