variant,patch_index,sim_mean_order_parameter,sim_mean_abs_order_parameter,sim_mean_zz_correlation,sim_hardware_proxy_loss
hvk1d,0,0.8721042357194343,0.8721146057059938,0.7393060243474943,0.2582323821202591
hvk2d,0,0.84640893235279,0.8464167783282927,0.6940548221621183,0.3065558105906482
