model,n,mean_accuracy,std_accuracy,mean_macro_f1,std_macro_f1
raw-linear,3,0.6366666666666667,0.018856180831641284,0.6287820274886053,0.021087161093595437
local-only,3,0.58,0.014142135623730963,0.5667085704428999,0.014147422934234637
HVK2D-pair-observable,3,0.5766666666666667,0.009428090415820642,0.5646758546514233,0.013286635186072834
parameter-matched,3,0.5733333333333334,0.026246692913372675,0.5693791211007525,0.03209974992802263
quadratic-classical,3,0.57,0.024494897427831758,0.562444014996382,0.023220020408723705
no-entanglement,3,0.5633333333333334,0.026246692913372675,0.5560639851715367,0.029121077022500233
