model,n,mean_mse,std_mse,mean_psnr,std_psnr,mean_ssim,std_ssim
local-only,300,0.018435657843490542,0.007202049730918054,17.67032624218859,1.711107053645834,0.8899799536310808,0.06092070040618959
raw-linear,300,0.018435657843490542,0.007202049730918054,17.67032624218859,1.711107053645834,0.8899799536310808,0.06092070040618959
no-entanglement,300,0.01846579024527095,0.007208331984317868,17.66353231574162,1.7136411165403584,0.88985347308736,0.06093295523463911
quadratic-classical,300,0.019859480628136948,0.008766742377149701,17.38934131401811,1.7809030843524127,0.8806283131358741,0.07175505152680704
HVK2D-pair-observable,300,0.020158728038522977,0.008859538328111004,17.327823472364248,1.7977696403245562,0.8796322669833232,0.0685361032469147
parameter-matched,300,0.0271659724133364,0.01077063279935375,15.986434371953237,1.6907008323992994,0.8328087204529786,0.0942644771244637
