model,image,image_size,patch_size,epochs,mse,psnr,ssim
Autoencoder,0000_cat_domestic_cat_s_000907.png,32,8,200,0.007012767717242241,21.54110545928056,0.812156553813135
Autoencoder,0001_ship_hydrofoil_s_000078.png,32,8,200,0.012427851557731628,19.05603942739484,0.927453222037127
Autoencoder,0002_ship_sea_boat_s_001456.png,32,8,200,0.009604819118976593,20.175108094977624,0.9180879732444805
Autoencoder,0003_airplane_jetliner_s_001705.png,32,8,200,0.007580732926726341,21.202888035176784,0.905658177468392
Autoencoder,0004_frog_green_frog_s_001658.png,32,8,200,0.006384340114891529,21.948839847390886,0.8460450844570709
