model,n_seeds,mean_mse,std_mse,mean_psnr,std_psnr,mean_r2,std_r2
newHVK-cifar-nonlocal-entangling,5,4.385651934645814e-15,5.225300814319139e-15,120.0,0.0,0.9999999999999968,3.77443173341706e-15
raw-linear,5,1.0908922800376222,0.2981922105155686,-0.1459295535244554,1.5492554818459041,0.23885430917157233,0.10873993111697491
left-patch-only,5,1.115626434001647,0.2488798004178426,-0.330911042978562,1.2010069756204713,0.19934637338613398,0.14374754723166544
strict-classical-rff,5,1.1168853608910745,0.39353464875460903,-0.18064752903453188,1.6550356612426427,0.2234884573418597,0.16916987017171675
no-entanglement-single-site,5,1.1553746913049743,0.27988490225552287,-0.4552772615272403,1.315525733296285,0.18070916517075447,0.12715764799761314
right-patch-only,5,1.4319299720728704,0.40102435857069885,-1.3550350787848067,1.3972382162472556,-0.0005970465679608017,0.10638090063902189
random-vqc,5,1.6045534683608402,0.5207020234937404,-1.7992304416211833,1.5374973149786946,-0.10394751075242255,0.06762284744032855
