model,image,image_size,patch_size,epochs,mse,psnr,ssim
GAN,monalisa.png,32,8,200,0.002012924524024129,26.961725089734223,0.9692349204369769
