model,image,image_size,patch_size,epochs,mse,psnr,ssim
CNN,0000_cat_domestic_cat_s_000907.png,32,32,200,3.332535925437696e-05,44.772251601030746,0.9992629107282096
CNN,0001_ship_hydrofoil_s_000078.png,32,32,200,0.0002260867622680962,36.45724865528254,0.9988020154635828
CNN,0002_ship_sea_boat_s_001456.png,32,32,200,0.00010162241233047098,39.9301049994553,0.9992130478769068
CNN,0003_airplane_jetliner_s_001705.png,32,32,200,0.00018646166427060962,37.29410443786115,0.9978969025811126
CNN,0004_frog_green_frog_s_001658.png,32,32,200,3.4879940358223394e-05,44.57424266346025,0.9992811855576201
