model,image,image_size,patch_size,epochs,mse,psnr,ssim
GAN,0000_cat_domestic_cat_s_000907.png,32,8,200,0.0022098608314990997,26.55635075642988,0.9467640067953853
GAN,0001_ship_hydrofoil_s_000078.png,32,8,200,0.004244988784193993,23.72123452880357,0.9762759405952657
GAN,0002_ship_sea_boat_s_001456.png,32,8,200,0.002847525756806135,25.45532338894802,0.9766545176415496
GAN,0003_airplane_jetliner_s_001705.png,32,8,200,0.0024363042321056128,26.132684803762956,0.9766316604420351
GAN,0004_frog_green_frog_s_001658.png,32,8,200,0.0014852603198960423,28.28197421372865,0.967920320860394
