model,image,image_size,patch_size,epochs,mse,psnr,ssim
Autoencoder,monalisa.png,32,8,200,0.012928606942296028,18.88448267839395,0.7604920138470959
