model,n,mean_mse,std_mse,mean_psnr,std_psnr,mean_ssim,std_ssim
local-only,180,0.0035629627716805266,0.0012204046086546603,24.792570239957822,1.7764344829096823,0.9359862250393715,0.02083971210609991
raw-linear,180,0.0035629627716805266,0.0012204046086546603,24.792570239957822,1.7764344829096823,0.9359862250393715,0.02083971210609991
no-entanglement,180,0.0035768056156481993,0.0012245928071490796,24.775962260419877,1.7791523665806024,0.9357663346964172,0.020866595031007986
quadratic-classical,180,0.003974711378599312,0.0012986621139678262,24.286470487129908,1.673250743133244,0.9271729365388266,0.025752789201290444
HVK2D-pair-observable,180,0.004020110628719813,0.0013179969784657562,24.235290127710474,1.6618207297289354,0.9262505132852762,0.025998535661763182
parameter-matched,180,0.007042387365856606,0.0020277595525171033,21.70802414123029,1.294713757482384,0.8601971301285409,0.0594261563005749
