model,n,mean_accuracy,std_accuracy,mean_macro_f1,std_macro_f1
raw-linear,3,0.6666666666666666,0.08277591347639633,0.6682036530720742,0.08086903475628758
parameter-matched,3,0.6277777777777778,0.03142696805273544,0.6208248123386994,0.0289116439391438
local-only,3,0.5722222222222223,0.0415739709641549,0.5720468049920197,0.040848252944730296
HVK2D-pair-observable,3,0.5388888888888889,0.05152010275275391,0.5373648247177658,0.04331769266364133
no-entanglement,3,0.5,0.04082482904638631,0.5062941671132545,0.0356547071952474
quadratic-classical,3,0.5,0.04082482904638631,0.501317837076351,0.03222970731964307
