model,n_images,mean_mse,std_mse,mean_psnr,std_psnr,mean_ssim,std_ssim
local-observables-only,20,0.013922836183986834,0.004719005136162836,18.797655409257345,1.4170786359613292,0.8279562542367873,0.0578251706450455
zz-only,20,0.014781542157275961,0.0052240092505581115,18.561821245589453,1.4922112813202473,0.8193584936467554,0.06030460766735109
no-entanglement,20,0.014955836632264689,0.004782360204131067,18.45796024139878,1.3208424589300725,0.8176269060921453,0.056887311262590584
shuffled-pair-observables,20,0.015381913561088156,0.0044521996626755485,18.308330156536986,1.2456200290148283,0.8109391825604735,0.06404313640809703
HVK2D-real-cifar,20,0.0164596992972631,0.00633965485869808,18.121718451149572,1.5407074028408458,0.8037544422715067,0.06485594990669653
random-vqc,20,0.0794970265075243,0.01989088343339949,11.1483716159648,1.1936872523118855,0.023676169641743967,0.15261775023646268
