model,n_images,mean_mse,std_mse,mean_psnr,std_psnr,mean_ssim,std_ssim
local-observables-only,20,0.009060730980456806,0.002884647969140828,20.663229891042764,1.4562299913368262,0.8621058361551202,0.05596878477803153
raw-linear-classical,20,0.009060730980456806,0.002884647969140828,20.663229891042764,1.4562299913368262,0.8621058361551202,0.05596878477803153
zz-only,20,0.009372290693064497,0.003048365146053718,20.52231843041351,1.4703981282850143,0.8579703821246454,0.05819931734033801
no-entanglement,20,0.00994691665815341,0.0031077241918049917,20.244985905103754,1.4112283965190597,0.8508074271774063,0.05867889733495128
shuffled-pair-observables,20,0.010092319754018133,0.003127353572822945,20.173057834355568,1.3696948236361841,0.8484087469743681,0.06027901192588072
newHVK-real-cifar,20,0.010402828009161494,0.0034826178822184445,20.06866227624566,1.4489301497875895,0.8460401277612741,0.05830565099767147
strict-classical-rff,20,0.020862328962075377,0.007170964992290775,17.058624585626795,1.483481745179652,0.7055165277530068,0.09022093180172679
random-vqc,20,0.08573486732110139,0.03521756971609748,10.989795937265335,1.636357907560139,0.01649667400403737,0.16782252834888955
