shots,n_images,mean_mse,std_mse,mean_psnr,std_psnr,mean_ssim
128,20,0.020567326423265423,0.006078774679702911,17.051856212889767,1.2634154992261053,0.7610572738274956
256,20,0.020254146346621198,0.006277400550924057,17.131326032625232,1.2980027986385247,0.7663376281393199
512,20,0.02069036691186566,0.006642580696602984,17.055897762282857,1.3559798792211268,0.7624595032544079
1024,20,0.020034026319917568,0.006445251460206995,17.194297634346384,1.3474903387929058,0.7696378946114327
2048,20,0.020699817280307127,0.00673622253375067,17.057024495568168,1.365248246597447,0.7633182247920363
4096,20,0.020413635119810324,0.0065639309625284544,17.11759051619926,1.3708281859965854,0.7674515184333333
8192,20,0.02048194807499118,0.006661747474572247,17.10585070082151,1.377311908461486,0.7660048293481835
