shots,n_images,mean_mse,std_mse,mean_psnr,std_psnr,mean_ssim
128,20,0.015136132416553701,0.004691773127266004,18.400028260567346,1.3113675428127054,0.7922850384479576
256,20,0.014922880725451285,0.0045100444482649655,18.45164538538151,1.2792835946386567,0.7927394417364295
512,20,0.014643359419076438,0.004631382860181081,18.562901292860982,1.3938816394112434,0.7978161971054254
1024,20,0.014456484316270973,0.00436233890355836,18.601644493793977,1.3471664383501627,0.7983407293370555
2048,20,0.014463539154638739,0.0045898439807114935,18.62020953306759,1.4136353501028391,0.7995027288886922
4096,20,0.014750220417438398,0.0047533272581683425,18.541593563250352,1.4331266322578273,0.7956876468104169
8192,20,0.01474940723472593,0.004773050025796343,18.546219865016383,1.452351856766895,0.7956517688280901
