model,n,mean_accuracy,std_accuracy,mean_macro_f1,std_macro_f1
local-only,3,0.10000000000000002,0.08164965809277261,0.08888888888888889,0.08314794192830981
no-entanglement,3,0.09999999999999999,0.1414213562373095,0.06888888888888887,0.09742360096347988
HVK2D-pair-observable,3,0.06666666666666667,0.09428090415820635,0.06666666666666667,0.09428090415820635
parameter-matched,3,0.06666666666666667,0.04714045207910317,0.05555555555555556,0.041573970964154904
quadratic-classical,3,0.06666666666666667,0.09428090415820635,0.049999999999999996,0.07071067811865475
raw-linear,3,0.06666666666666667,0.09428090415820635,0.05555555555555555,0.07856742013183861
