model,n,mean_mse,std_mse,mean_psnr,std_psnr,mean_ssim,std_ssim
local-only,30,0.008461178659991457,0.0039963815253417105,21.173423495653136,1.9819270017077226,0.852117341879497,0.07010183258145793
raw-linear,30,0.008461178659991457,0.0039963815253417105,21.173423495653136,1.9819270017077226,0.852117341879497,0.07010183258145793
no-entanglement,30,0.008827163020226665,0.004061119415900756,20.97929986770446,1.9748522788617349,0.8467575045605987,0.07169454313153724
HVK2D-pair-observable,30,0.011169648214844967,0.005494213860178847,19.986372022034526,2.0210623199198263,0.8073685672583845,0.08234317433607816
quadratic-classical,30,0.011428542905375127,0.0058742875094479705,19.932674804983357,2.116882380798437,0.8048262706801762,0.08342252141547117
parameter-matched,30,0.01918962859379713,0.009464138196734402,17.6614641648245,2.0614512487696524,0.6925675352574964,0.09184307690003099
