model,n,mean_accuracy,std_accuracy,mean_macro_f1,std_macro_f1
raw-linear,3,0.6633333333333334,0.020548046676563226,0.6555526251366876,0.02097338488813935
no-entanglement,3,0.6566666666666667,0.0329983164553722,0.6504666986319295,0.034418157358417856
local-only,3,0.65,0.02828427124746193,0.64367201927809,0.028584614916810053
HVK2D-pair-observable,3,0.6433333333333334,0.016996731711975962,0.637292224459407,0.01776760012918859
quadratic-classical,3,0.6433333333333334,0.004714045207910321,0.6351416091573582,0.0075058835176392835
parameter-matched,3,0.6266666666666666,0.04027681991198195,0.62138267029531,0.04846758142279977
