model,n,mean_mse,std_mse,mean_psnr,std_psnr,mean_ssim,std_ssim
no-entanglement,300,0.023039736411474165,0.006368667366512676,16.55088579324534,1.2657127231774652,0.8351094421553552,0.05574852311069556
local-only,300,0.023088766280702194,0.006352113601977657,16.540026559042236,1.259561175863305,0.8346033982455878,0.05597698159022253
raw-linear,300,0.023088766280702194,0.006352113601977657,16.540026559042236,1.259561175863305,0.8346033982455878,0.05597698159022253
HVK2D-pair-observable,300,0.025568872138839318,0.007345448707226633,16.11654178070877,1.3384845004939872,0.8169913126292075,0.0624184686187908
quadratic-classical,300,0.025768474284804437,0.007477373920620795,16.08778986522532,1.3609257045882732,0.8167564717060716,0.06414772556476861
parameter-matched,300,0.029766392148160303,0.008926438318788768,15.471654727809959,1.3816061364825827,0.7839726544878589,0.06363380180191731
