backend,delta_hardware_proxy_loss,delta_mean_abs_order_parameter,delta_mean_order_parameter,delta_mean_zz_correlation,hardware_proxy_loss,job_id,mean_abs_order_parameter,mean_order_parameter,mean_zz_correlation,patch_index,provider,shots,statevector_hardware_proxy_loss,statevector_mean_abs_order_parameter,statevector_mean_order_parameter,statevector_mean_zz_correlation,variant
ibm_fez,0.06910095121307436,-0.03544793903932708,-0.035437569052767626,-0.06730602434749455,0.3273333333333335,d8vt6a1ropqc738d03eg,0.8366666666666667,0.8366666666666667,0.6719999999999997,0,ibm,100,0.2582323821202591,0.8721146057059938,0.8721042357194343,0.7393060243474943,hvk1d
ibm_fez,0.1458251417903046,-0.08308344499495968,-0.08307559901945705,-0.12548339359068983,0.45238095238095277,d8vt6a1ropqc738d03eg,0.763333333333333,0.763333333333333,0.5685714285714285,0,ibm,100,0.3065558105906482,0.8464167783282927,0.84640893235279,0.6940548221621183,hvk2d
