model,best_boundary_f_score,best_dice,best_iou,best_mse,best_pixel_accuracy,best_psnr,best_ssim,mean_boundary_f_score,mean_dice,mean_iou,mean_mse,mean_pixel_accuracy,mean_psnr,mean_ssim,num_images,std_boundary_f_score,std_dice,std_iou,std_mse,std_pixel_accuracy,std_psnr,std_ssim
Autoencoder,,,,0.006384340114891529,,21.948839847390886,0.9274532935080169,,,,0.008603720925748348,,20.783793756859907,0.8818245964863543,5,,,,0.0021956162397621915,,1.0444655927107442,0.04502817132880593
CNN,,,,2.8148971978225745e-05,,45.50537461286395,0.9994198980192017,,,,0.00011034686722268816,,40.92935997345664,0.9989321817222361,5,,,,7.374264903389172e-05,,3.7008289192510175,0.0006190993640553129
GAN,,,,0.0013980589574202895,,28.544745136100794,0.9785898848848981,,,,0.0027323564747348426,,26.07460769191558,0.9693964536959407,5,,,,0.0013266046764172665,,1.8914632115571168,0.01026768036519286
HVK1D,,,,0.0003574650618247688,,34.46766399172561,0.994467189188609,,,,0.0006487088277935982,,32.3963434936346,0.9931104668977857,5,,,,0.00034022211559058707,,2.0434246001502734,0.0012189016075458698
HVK2D,,,,0.00013536858023144305,,38.68482126016999,0.9973963118454884,,,,0.00046415688120760024,,34.47972014245612,0.9957774873142462,5,,,,0.0003161607228666319,,3.278425525708209,0.0009670391645946827
MLP,,,,7.290520617764251e-12,,111.37241457505205,0.9999999999186548,,,,7.086508751179971e-07,,75.133228724833,0.9999935863881575,5,,,,9.450790660783849e-07,,19.96762004357337,7.176600870617914e-06
PHL,0.9900990048029605,0.9983221476426316,0.9966499162312119,0.022252937778830528,0.9980468749902536,16.52612646394807,0.9184171309912839,0.7929066192435277,0.9510019137142238,0.9154659590201379,0.04341540075838566,0.9757812499904709,14.013235012965279,0.7879240453048129,5,0.1536569263860652,0.074994988350648,0.12430963007483052,0.018411888049921738,0.023391882689740125,1.8441499131461652,0.1124676522684594
SymmetricHVK1D,,,,0.00024391169426962733,,36.12767377074472,0.9951857947273341,,,,0.0006401885882951319,,32.88598930486228,0.9938929506180951,5,,,,0.0004488800548911197,,2.78885391862094,0.0011275042092257937
