model,image,image_size,patch_size,patch_stride,epochs,mse,psnr,ssim
SymmetricHVK1D,0000_cat_domestic_cat_s_000907.png,32,8,4,200,0.00024391256738454103,36.12765822461392,0.9948133113447808
SymmetricHVK1D,0001_ship_hydrofoil_s_000078.png,32,8,4,200,0.0014706626534461975,28.32486936075183,0.9920544322942302
SymmetricHVK1D,0002_ship_sea_boat_s_001456.png,32,8,4,200,0.0007437358144670725,31.285813046347222,0.994145743198675
SymmetricHVK1D,0003_airplane_jetliner_s_001705.png,32,8,4,200,0.0004582100664265454,33.38935374017248,0.9948698143050677
SymmetricHVK1D,0004_frog_green_frog_s_001658.png,32,8,4,200,0.0003204363747499883,34.94258190288992,0.9932304397947183
