model,image,image_size,patch_size,epochs,mse,psnr,ssim
MLP,monalisa.png,32,32,200,8.096547077229843e-08,70.91700154580988,0.9999988126816137
