model,image,image_size,patch_size,epochs,mse,psnr,ssim
MLP,monalisa.png,32,32,200,8.096552051028993e-08,70.91699887789127,0.9999988126805458
