model,n,mean_mse,std_mse,mean_psnr,std_psnr,mean_r2,std_r2
hvk2d-grid-matched,3,0.018021571231305288,0.002212733571345074,17.4750146529252,0.5357421435247979,0.6730233732580571,0.07936841990535622
hvk1d-chain-matched,3,0.018307487148191665,0.002668659931692118,17.41804399748364,0.614057933823101,0.6659494909284349,0.09274403779754795
