seed,model,mse,psnr,r2,feature_dim,pair_channels
0,hvk1d-chain-matched,0.017193689733264753,17.646309145377895,0.7401202391819652,32,6
0,hvk2d-grid-matched,0.017929582481391322,17.464298235520978,0.7289973426811136,32,6
1,hvk1d-chain-matched,0.021987238755713824,16.57829307631171,0.5351826890898598,32,6
1,hvk2d-grid-matched,0.02077642852989891,16.82429105626968,0.5607796073495268,32,6
2,hvk1d-chain-matched,0.015741532955596414,18.029529770761314,0.7225455445134796,32,6
2,hvk2d-grid-matched,0.015358702682625631,18.136454666984946,0.7292931697435308,32,6
