model,n,mean_accuracy,std_accuracy,mean_macro_f1,std_macro_f1
parameter-matched,3,0.65,0.03061862178478971,0.6375680577544612,0.03281320996400213
raw-linear,3,0.6375000000000001,0.03679900360969937,0.6310471368817041,0.04515535379483173
local-only,3,0.6124999999999999,0.03679900360969937,0.6002271661386279,0.0426420346061395
HVK2D-pair-observable,3,0.6083333333333334,0.015590239111558084,0.6053834185362654,0.014749773397403946
quadratic-classical,3,0.5875,0.010206207261596585,0.5872633052250094,0.009135265116844817
no-entanglement,3,0.5833333333333333,0.011785113019775804,0.5691519181936802,0.010900334013789828
