model,n,mean_mse,std_mse,mean_psnr,std_psnr,mean_ssim,std_ssim
local-only,240,0.0030983723961651596,0.0025372326638339777,27.521652347536506,6.017888179059352,0.716513971841066,0.13599259929056481
raw-linear,240,0.0030983723961651596,0.0025372326638339777,27.521652347536506,6.017888179059352,0.716513971841066,0.13599259929056481
no-entanglement,240,0.0031092492126931046,0.0025439283120436305,27.467828701809275,5.926686376656155,0.7151599526020582,0.13540613247908265
quadratic-classical,240,0.0034131252663965627,0.0027498946819753526,27.018717391096047,5.832786496292607,0.6791954978704147,0.1485880762039482
HVK2D-pair-observable,240,0.0034161691232414784,0.0027574623119275203,27.009006082220527,5.8061090514476525,0.6789365797635171,0.1486635639701303
parameter-matched,240,0.004967209557474826,0.0035462433893335,24.129011618356007,3.1836772791793155,0.5043224789290479,0.13434805940058928
