model,image,image_size,patch_size,patch_stride,epochs,mse,psnr,ssim
HVK2D,0000_cat_domestic_cat_s_000907.png,32,8,4,200,0.00016431020048912615,37.843354744308655,0.9963296912018819
HVK2D,0001_ship_hydrofoil_s_000078.png,32,8,4,200,0.0010203755227848887,29.912399679836085,0.9946693423218385
HVK2D,0002_ship_sea_boat_s_001456.png,32,8,4,200,0.0005781954969279468,32.37925295001853,0.9954879915962878
HVK2D,0003_airplane_jetliner_s_001705.png,32,8,4,200,0.00043749873293563724,33.590232004242,0.994958091570658
HVK2D,0004_frog_green_frog_s_001658.png,32,8,4,200,0.00013236583617981523,38.782240924882274,0.9974314170188961
