model,image,image_size,patch_size,epochs,mse,psnr,ssim
CNN,monalisa.png,32,32,200,4.313554018153809e-05,43.65164758970895,0.9993678102617366
