model,image,image_size,patch_size,epochs,mse,psnr,ssim,dice,iou,pixel_accuracy,precision,recall,boundary_f_score
PHL,0000_cat_domestic_cat_s_000907.png,32,0,200,0.07405374944210052,11.304529476655185,0.6037694206687718,0.8024316109178592,0.670050761387307,0.9365234374908543,0.9999999999242424,0.670050761387307,0.5691056861061538
PHL,0001_ship_hydrofoil_s_000078.png,32,0,200,0.022252945229411125,16.52612500987242,0.9184171103737422,0.9983221476426316,0.9966499162312119,0.9980468749902536,0.9999999999831932,0.9966499162312119,0.9900990048029605
PHL,0002_ship_sea_boat_s_001456.png,32,0,200,0.028956135734915733,15.382593962379968,0.8729174004039114,0.9948400412694031,0.9897330595279316,0.9951171874902821,0.999999999979253,0.9897330595279316,0.9401709350909491
PHL,0003_airplane_jetliner_s_001705.png,32,0,200,0.03931378573179245,14.054551336598326,0.820158098395028,0.9906407487329688,0.9814550641800077,0.9873046874903585,0.9814550641800077,0.9999999999854651,0.7249999949125002
PHL,0004_frog_green_frog_s_001658.png,32,0,200,0.05250042676925659,12.79837166255379,0.7243580392610277,0.9687750200082564,0.9394409937742323,0.9619140624906064,0.9394409937742323,0.9999999999834711,0.7401574753050751
