model,image,image_size,patch_size,epochs,boundary_f_score,dice,iou,mse,pixel_accuracy,precision,psnr,recall,ssim
HVK1D,monalisa.png,32,8,200,,,,0.011629764921963215,,,19.34429063786256,,0.7784824490025698
HVK2D,monalisa.png,32,8,200,,,,0.011855831369757652,,,19.26067986465334,,0.7756752714736228
SymmetricHVK1D,monalisa.png,32,8,200,,,,0.01145339198410511,,,19.410658756104006,,0.7795254570701746
GAN,monalisa.png,32,8,200,,,,0.001965818228200078,,,27.064566422207278,,0.9701149550822571
PHL,monalisa.png,32,0,200,0.883561638775333,0.9757343550322384,0.9526184538415806,0.04374990612268448,0.9814453124904157,0.9999999999738219,13.590228745375272,0.9526184538415806,0.759194750382256
MLP,monalisa.png,32,32,200,,,,8.096547077229843e-08,,,70.91700154580988,,0.9999988126816137
CNN,monalisa.png,32,32,200,,,,4.313554018153809e-05,,,43.65164758970895,,0.9993678102617366
Autoencoder,monalisa.png,32,8,200,,,,0.012928606942296028,,,18.88448267839395,,0.7604920138470959
