model,n,mean_mse,std_mse,mean_psnr,std_psnr,mean_ssim,std_ssim
local-only,270,0.0035351386872765488,0.0027546697067963332,26.85230791828342,6.027109176623402,0.719191240774877,0.1391643905038935
raw-linear,270,0.0035351386872765488,0.0027546697067963332,26.85230791828342,6.027109176623402,0.719191240774877,0.1391643905038935
no-entanglement,270,0.0035405538699238084,0.0027529251645200307,26.783195552840752,5.871520723470732,0.7182794255296362,0.1379329476679823
quadratic-classical,270,0.003945824873933697,0.0030630947884139614,26.27319404266387,5.774375000805917,0.6790561176809592,0.15190161603186902
HVK2D-pair-observable,270,0.003945835816372267,0.0030652158826543568,26.2533342818367,5.70490926450789,0.6786945567103099,0.1513789756085319
parameter-matched,270,0.005593894769225518,0.0038120553715705824,23.5423646594547,3.113742558563849,0.5180148272124693,0.13173519702388312
