model,image,image_size,patch_size,epochs,mse,psnr,ssim
MLP,0000_cat_domestic_cat_s_000907.png,32,32,200,7.789135452185292e-07,61.0851074376285,0.9999828604108059
MLP,0001_ship_hydrofoil_s_000078.png,32,32,200,2.5120179998339154e-06,55.999772529919525,0.9999871227874353
MLP,0002_ship_sea_boat_s_001456.png,32,32,200,2.445385405280831e-07,66.11652684108401,0.9999981089136866
MLP,0003_airplane_jetliner_s_001705.png,32,32,200,7.270207873222301e-12,111.38453171410188,0.9999999999188475
MLP,0004_frog_green_frog_s_001658.png,32,32,200,7.776243649004755e-09,81.09230140345088,0.9999998399131376
