model,n,mean_mse,std_mse,mean_psnr,std_psnr,mean_r2,std_r2
hilbert,3,0.0060193754279787475,0.0006682923863552291,22.23021161355452,0.46785961696276895,0.890503956915048,0.026844873432784504
snake,3,0.013358532622728127,0.002678019528683881,18.83154095307839,0.8845301395633407,0.756055870499603,0.07763096282026322
raster,3,0.013358533698976861,0.002678019857646152,18.831540617224146,0.8845302253693058,0.7560558519420715,0.07763096668421424
