seed,model,mse,psnr,r2
0,raster,0.013231351441961556,18.783957949801874,0.8000103234744476
0,snake,0.013231349469529127,18.783958597216152,0.8000103532874357
0,hilbert,0.005671534808257676,22.462993981515012,0.9142756946119851
1,raster,0.016700166017287663,17.77279211485138,0.64695311011296
1,snake,0.016700164959930694,17.772792389821287,0.6469531324658269
1,hilbert,0.006954332693541565,21.57744536616076,0.8529831663857094
2,raster,0.010144083637681366,19.937871787019173,0.8212041222388071
2,snake,0.010144083438724562,19.937871872197732,0.8212041257455465
2,hilbert,0.005432258782137003,22.65019549298779,0.9042530097474496
